Project,Workspace,Status,Start Date,Due Date,Owner,Description
MasseurMatch Directory,MasseurMatch,Active,2025-09-20,2025-11-01,Segatti,Directory-only platform
TheRankFlow SEO Automation,TheRankFlow,Active,2025-09-15,2025-12-15,Marketing,SEO dashboards
TPS Travel Planning App,TPS,In Development,2025-09-25,2026-01-30,Travel Lead,Firebase app
VaptVupt Virtual Office,VaptVupt,Planned,2025-10-01,2025-12-31,Operations,Virtual office
Automation Hub,Productivity,Active,2025-09-10,2025-10-31,Segatti,Automation fixes